Workbook

Sheet Nifty
B1: Nifty SPOT : 25187.75 | D1: Synthetic ATM Strike : 25200 | H1: Nifty : Lalit Sharma (Live Virtual Trade) | Today : 23-01-2026 / Friday | 12:14:00 PM
B2: Qty/Lot (Nifty) | C2: 65 | D2: 28 | E2: 0 | F2: 0 | H2: Profit | I2: 861.25 | J2: Profit Trades | K2: 7 | L2: Strikes | M2: Buy
B3: Lot - Max 24 / Order | C3: 27 | D3: Order Quantity : 1755 | H3: Brokerage | I3: -4558 | J3: Loss Trades | K3: 5 | L3: 25100 | M3: CE | N3: PE | O3: CE-PE
B4: Current Expiry | C4: 46049 | D4: Days to Expiry : 4 (Tuesday) | H4: Net Profit | I4: -3696.75 | J4: Total Trades | K4: 12 | L4: 25150 | M4: 7679.75 | N4: 6496.75 | O4: 14235
B5: CE - LTP | C5: Strike | D5: PE - LTP | E5: Synthetic Future Spot | H5: Points | I5: 12.25 | J5: Trade Accuracy | K5: 0.5833 | L5: 25200 | M5: =M4*$C$3 -> 207353.25 | N5: =N4*$C$3 -> 175412.25 | O5: =O4*$C$3 -> 384345
B6: 118.1 | C6: 25200 | D6: 100.45 | E6: CE - PE + Strike | F6: =B6-D6+C6 -> 25217.65 | H6: Positives & Negatives | J6: 6459.5 | K6: -10156.25 | L6: 25250 | M6: -430 | N6: -376 | O6: -807
B7: 0 | C7: bbo | D7: 0 | E7: Automate Entry | H7: 0 : Target and Stoploss Not Set | L7: 25300 | M7: Sell
C8: Z+UP | D8: EXIT ALL : DELETE x 2 (FAST) | E8: Type of Entry | F8: C7 Code | H8: Target | I8: 1 | J8: Combined Position : Target & Stop Loss | L8: 25350 | M8: CE | N8: PE | O8: CE-PE
B9: CE - SELL | C9: Z+DOWN | E9: Reset Target | F9: 1 | H9: Stop Loss | I9: 0 | L9: 25400 | M9: 191401.27 | N9: 176081.88 | O9: 224282.5
B10: PE - BUY | C10: X+UP | E10: Buy Break-Out | F10: BBO | H10: RSI > 55, EMA 9 > EMA 21, LTP ABOVE VWAP | L10: 25450 | M10: =M9*$C$3 -> 5167834.4 | N10: =N9*$C$3 -> 4754210.8 | O10: =O9*$C$3 -> 6055627.5
B11: PE - SELL | C11: X+DOWN | E11: Sell Break-Down | F11: SBD | H11: 0 | I11: Target | J11: Stop Loss | K11: Leg Wise Target & Stop Loss | L11: 25500 | M11: Refresh Data : Press r
B12: ATM Straddle - BUY | C12: B+UP | E12: Buy Limit Order | F12: BLO | H12: Leg 1 | I12: 0 | J12: 0 | L12: 25550 | M12: Position Closed
B13: ATM Straddle - SELL | C13: B+DOWN | E13: Sell Limit Order | F13: SLO | H13: Leg 2 | I13: 0 | J13: 0 | L13: 25600
B15: Instrument Token | C15: Signal | D15: Strike | E15: Type | F15: Lot Size | G15: Lot | H15: Total Qty | I15: Entry LTP | J15: Current LTP | K15: Points | L15: Profit
A16: 0 | B16: NSE_FO|58689 | C16: SELL | D16: 25200 | E16: CE | F16: 65 | G16: 27 | H16: 1755 | I16: 119.7 | J16: 118 | K16: 1.7 | L16: 2983.5
A17: 1 | B17: NSE_FO|58690 | C17: SELL | D17: 25200 | E17: PE | F17: 65 | G17: 27 | H17: 1755 | I17: 98.5 | J17: 100.6 | K17: -2.1 | L17: -3685.5
A18: 2 | J18: -0.4 | K18: Total Profit | L18: -702
A19: 3 | K19: Brokerage | L19: -806
A20: 4 | K20: Net Profit | L20: -1508
A21: 5 | I21: Margin | J21: 6055564.3 | K21: Gain % | L21: -0.0001

Sheet Bank-Nifty
B1: Bank-Nifty SPOT : 59757.4 | D1: Synthetic ATM Strike : 59900 | H1: Bank-Nifty : Mohit Sharma (Live Virtual Trade) | Today : 02-01-2026 / Friday | 09:12:53 AM
B2: Qty/Lot (Bank Nifty) | C2: 30 | D2: 4 | E2: 0 | F2: 0 | H2: =Nifty!H2 -> Profit | I2: =Nifty!I2 -> 861.25 | J2: =Nifty!J2 -> Profit Trades | K2: =Nifty!K2 -> 7 | L2: Strikes | M2: Buy
B3: Lot - Max 17 | C3: 17 | D3: Order Quantity : 510 | H3: =Nifty!H3 -> Brokerage | I3: =Nifty!I3 -> -4558 | J3: =Nifty!J3 -> Loss Trades | K3: =Nifty!K3 -> 5 | L3: 58800 | M3: CE | N3: PE | O3: CE-PE
B4: Current Expiry | C4: 46049 | D4: Days to Expiry : 25 (Tuesday) | H4: =Nifty!H4 -> Net Profit | I4: =Nifty!I4 -> -3696.75 | J4: =Nifty!J4 -> Total Trades | K4: =Nifty!K4 -> 12 | L4: 58900 | M4: 22386 | N4: 13405 | O4: 35791
B5: CE | C5: Strike | D5: PE | E5: Synthetic Future Spot | H5: =Nifty!H5 -> Points | I5: =Nifty!I5 -> 12.25 | J5: =Nifty!J5 -> Trade Accuracy | K5: =Nifty!K5 -> 0.5833 | L5: 59000 | M5: =M4*$C$3 -> 380562 | N5: =N4*$C$3 -> 227885 | O5: =O4*$C$3 -> 608447
B6: 684 | C6: 58900 | D6: 537.6 | E6: CE - PE + Strike | F6: =B6-D6+C6 -> 59046.4 | H6: =Nifty!H6 -> Positives & Negatives | J6: =Nifty!J6 -> 6459.5 | K6: =Nifty!K6 -> -10156.25 | L6: 59100 | M6: -731 | N6: -447 | O6: -1178
B7: 0 | C7: BBO | D7: 0 | E7: Automate Entry | H7: 0 : Target and Stoploss Not Set | L7: 59200 | M7: Sell
B8: CE - BUY | C8: Z+UP | D8: EXIT ALL : DELETE x 2 (FAST) | E8: Type of Entry | F8: C7 Code | H8: Target | I8: 0 | J8: Combined Position : Target & Stop Loss | L8: 59300 | M8: CE | N8: PE | O8: CE-PE
B9: CE - SELL | C9: Z+DOWN | E9: Reset Target | F9: 0 | H9: Stop Loss | I9: 0 | L9: 59400 | M9: 273379.08 | N9: 260513.02 | O9: 315220.15
B10: PE - BUY | C10: X+UP | E10: Buy Break-Out | F10: BBO | H10: RSI > 55, EMA 9 > EMA 21, LTP ABOVE VWAP | L10: 59500 | M10: =M9*$C$3 -> 4647444.4 | N10: =N9*$C$3 -> 4428721.3 | O10: =O9*$C$3 -> 5358742.5
B11: PE - SELL | C11: X+DOWN | E11: Sell Break-Down | F11: SBD | H11: 0 | I11: Target | J11: Stop Loss | K11: Leg Wise Target & Stop Loss | L11: 59600 | M11: Refresh Data : Press r
B12: ATM Straddle - BUY | C12: B+UP | E12: Buy Limit Order | F12: BLO | H12: Leg 1 | I12: 0 | J12: 0 | L12: 59700 | M12: Position Closed...
B13: ATM Straddle - SELL | C13: B+DOWN | E13: Sell Limit Order | F13: SLO | H13: Leg 2 | I13: 0 | J13: 0 | L13: 59800
B15: Instrument Token | C15: Signal | D15: Strike | E15: Type | F15: Lot Size | G15: Lot | H15: Total Qty | I15: Entry LTP | J15: Current LTP | K15: Points | L15: Profit | M15: Brokerage | N15: Net Profit
A16: 0 | B16: NSE_FO|53116 | C16: BUY | D16: 56800 | E16: CE | F16: 35 | G16: 17 | H16: 595 | I16: 523.6 | J16: 525 | K16: 1.4 | L16: 833 | M16: -603 | N16: 230
A17: 1 | M17: Gain % | N17: 0.0007
A18: 2 | M18: Margin | N18: 311542

Sheet Sensex
B1: Sensex SPOT : 85259.36 | D1: Synthetic ATM Strike : 85300 | H1: Sensex : Mohit Sharma (Live Virtual Trade) | Today : 02-01-2026 / Friday | 09:12:56 AM
B2: Qty/Lot (Sensex) | C2: 20 | D2: 52 | E2: 0 | F2: 0 | H2: =Nifty!H2 -> Profit | I2: =Nifty!I2 -> 861.25 | J2: =Nifty!J2 -> Profit Trades | K2: =Nifty!K2 -> 7 | L2: Strikes | M2: Buy
B3: Lot - Max 50 | C3: 1 | D3: Order Quantity : 20 | H3: =Nifty!H3 -> Brokerage | I3: =Nifty!I3 -> -4558 | J3: =Nifty!J3 -> Loss Trades | K3: =Nifty!K3 -> 5 | L3: 82000 | M3: CE | N3: PE | O3: CE-PE
B4: Current Expiry | C4: 46030 | D4: Days to Expiry : 6 (Thursday) | H4: =Nifty!H4 -> Net Profit | I4: =Nifty!I4 -> -3696.75 | J4: =Nifty!J4 -> Total Trades | K4: =Nifty!K4 -> 12 | L4: 82100 | M4: 6867 | N4: 6829 | O4: 13739
B5: CE | C5: Strike | D5: PE | E5: Synthetic Future Spot | H5: =Nifty!H5 -> Points | I5: =Nifty!I5 -> 12.25 | J5: =Nifty!J5 -> Trade Accuracy | K5: =Nifty!K5 -> 0.5833 | L5: 82200 | M5: =M4*$C$3 -> 6867 | N5: =N4*$C$3 -> 6829 | O5: =O4*$C$3 -> 13739
B6: 353.1 | C6: 82000 | D6: 309.5 | E6: CE - PE + Strike | F6: =B6-D6+C6 -> 82043.6 | H6: =Nifty!H6 -> Positives & Negatives | J6: =Nifty!J6 -> 6459.5 | K6: =Nifty!K6 -> -10156.25 | L6: 82300 | M6: -36 | N6: -36 | O6: -72
B7: 0 | C7: BBO | D7: 0 | E7: Automate Entry | H7: 0 : Target and Stoploss Not Set | L7: 82400 | M7: Sell
B8: CE - BUY | C8: Z+UP | D8: EXIT ALL : DELETE x 2 (FAST) | E8: Type of Entry | F8: C7 Code | H8: Target | I8: 2 | J8: Combined Position : Target & Stop Loss | L8: 82500 | M8: CE | N8: PE | O8: CE-PE
B9: CE - SELL | C9: Z+DOWN | E9: Reset Target | F9: 2 | H9: Stop Loss | I9: 0 | L9: 82600 | M9: 189641.84 | N9: 185011.48 | O9: 223923.84
B10: PE - BUY | C10: X+UP | E10: Buy Break-Out | F10: BBO | H10: RSI > 55, EMA 9 > EMA 21, LTP ABOVE VWAP | L10: 82700 | M10: =M9*$C$3 -> 189641.84 | N10: =N9*$C$3 -> 185011.48 | O10: =O9*$C$3 -> 223923.84
B11: PE - SELL | C11: X+DOWN | E11: Sell Break-Down | F11: SBD | H11: 0 | I11: Target | J11: Stop Loss | K11: Leg Wise Target & Stop Loss | L11: 82800 | M11: Refresh Data : Press r
B12: ATM Straddle - BUY | C12: B+UP | E12: Buy Limit Order | F12: BLO | H12: Leg 1 | I12: 0 | J12: 0 | L12: 82900 | M12: Position Closed...
B13: ATM Straddle - SELL | C13: B+DOWN | E13: Sell Limit Order | F13: SLO | H13: Leg 2 | I13: 0 | J13: 0 | L13: 83000
A14: 62.09
B15: Instrument Token | C15: Signal | D15: Strike | E15: Type | F15: Lot Size | G15: Lot | H15: Total Qty | I15: Entry LTP | J15: Current LTP | K15: Points | L15: Profit | M15: Brokerage | N15: Net Profit
A16: 0 | B16: BSE_FO|887010 | C16: BUY | D16: 85500 | E16: CE | F16: 20 | G16: 1 | H16: 20 | I16: 31 | J16: 29.5 | K16: -1.5 | L16: -30 | M16: -24 | N16: -54
A17: 1 | M17: Gain % | N17: -0.0871
A18: 2 | M18: Margin | N18: 620
